"id","exam","domain","difficulty","question","A","B","C","D","answer","explanation","reference","tags"
"ALPHA-001","Alpha","Domain 1 - CMMC Ecosystem","Hard","An OSC asks who conducts authorized third-party CMMC assessments. Which entity is responsible?","C3PAO","Registered Practitioner","Licensed Training Provider","OSC","A","C3PAOs conduct authorized third-party CMMC assessments.","CCP Blueprint v7.4","Ecosystem|C3PAO|Roles"
"ALPHA-002","Alpha","Domain 1 - CMMC Ecosystem","Hard","A company wants implementation advice but not a certified assessment. Which ecosystem role is most appropriate?","C3PAO","Registered Practitioner","DIBCAC","Lead Assessor","B","Registered Practitioners provide advice and consulting but do not conduct certified CMMC assessments.","CCP Blueprint v7.4","Ecosystem|RP|Consulting"
"ALPHA-003","Alpha","Domain 1 - CMMC Ecosystem","Hard","Which entity is the organization being assessed for CMMC certification?","Licensed Partner Publisher","C3PAO","Organization Seeking Certification","Registered Practitioner","C","The OSC is the organization seeking CMMC certification.","CCP Blueprint v7.4","Ecosystem|OSC"
"ALPHA-004","Alpha","Domain 1 - CMMC Ecosystem","Hard","Which role is responsible for leading assessment activities and coordinating assessment team work?","Registered Practitioner","Licensed Training Provider","OSC Sponsor","Lead Assessor","D","The Lead Assessor leads and coordinates assessment activities.","CCP Blueprint v7.4|CAP v5.6","Ecosystem|Lead Assessor"
"ALPHA-005","Alpha","Domain 1 - CMMC Ecosystem","Hard","A training company wants to deliver official CCP training. Which ecosystem entity type is most relevant?","Licensed Training Provider","Registered Provider Organization","OSC","DIBCAC","A","Licensed Training Providers are the ecosystem entities associated with delivering authorized training.","CCP Blueprint v7.4","Ecosystem|LTP|Training"
"ALPHA-006","Alpha","Domain 1 - CMMC Ecosystem","Hard","Which ecosystem participant provides consulting services through registered practitioners but does not perform certified assessments?","C3PAO","Registered Provider Organization","DIBCAC","CQAP","B","RPOs support consulting through registered practitioners but do not perform certified CMMC assessments.","CCP Blueprint v7.4","Ecosystem|RPO"
"ALPHA-007","Alpha","Domain 1 - CMMC Ecosystem","Hard","Which role is associated with verifying assessment documentation completeness and accuracy?","Lead Assessor","OSC Official","CMMC Quality Assurance Professional","Registered Practitioner","C","The CQAP verifies assessment package quality and completeness.","CAP v5.6","Ecosystem|CQAP|Quality"
"ALPHA-008","Alpha","Domain 1 - CMMC Ecosystem","Hard","Which organization is being evaluated against the CMMC practices during an assessment?","C3PAO","Cyber AB","Licensed Partner Publisher","OSC","D","The OSC is the organization whose environment and practices are assessed.","CCP Blueprint v7.4","Ecosystem|OSC"
"ALPHA-009","Alpha","Domain 1 - CMMC Ecosystem","Hard","Which statement best distinguishes a Registered Practitioner from a C3PAO?","A Registered Practitioner may advise clients but does not conduct certified assessments.","A Registered Practitioner issues certifications.","A Registered Practitioner replaces the Lead Assessor.","A Registered Practitioner performs DIBCAC oversight.","A","Registered Practitioners provide advice and recommendations but do not participate in certified assessments.","CCP Blueprint v7.4","Ecosystem|RP|C3PAO"
"ALPHA-010","Alpha","Domain 2 - Code of Professional Conduct","Elite","A practitioner is pressured to ignore unfavorable evidence to preserve a client relationship. Which principles are most directly implicated?","Confidentiality only","Objectivity and Information Integrity","Physical Protection and Media Protection","Scoping and asset categorization","B","Objectivity and Information Integrity require findings to be accurate and evidence-based.","Code of Professional Conduct","CoPC|Objectivity|Information Integrity"
"ALPHA-011","Alpha","Domain 2 - Code of Professional Conduct","Hard","A CCP receives confidential business information during an engagement. What obligation continues after the engagement ends?","No obligation remains","The CCP may share it if anonymized","Confidentiality","The CCP must publish it in the report","C","Confidentiality obligations continue after the engagement.","Code of Professional Conduct","CoPC|Confidentiality"
"ALPHA-012","Alpha","Domain 2 - Code of Professional Conduct","Hard","A CCP claims to hold a credential they have not earned. Which CoPC principle is most directly violated?","Objectivity","Confidentiality","Proper Use of Methods","Professionalism","D","Professionalism requires accurate representation of credentials and authorization.","Code of Professional Conduct","CoPC|Professionalism"
"ALPHA-013","Alpha","Domain 2 - Code of Professional Conduct","Elite","An assessor previously helped the OSC implement controls and is now assigned to the assessment team. What is the best action?","Identify and manage or avoid the conflict of interest.","Continue because technical expertise is useful.","Ignore it unless the OSC objects.","Change only the assessment scope.","A","Conflicts of interest must be identified, disclosed, managed, or avoided.","Code of Professional Conduct|CAP v5.6","CoPC|Conflict of Interest|Objectivity"
"ALPHA-014","Alpha","Domain 2 - Code of Professional Conduct","Hard","A practitioner uses CMMC-AB or third-party copyrighted material without permission. Which principle is most directly implicated?","Confidentiality","Respect for Intellectual Property","Scoping","Assessment Readiness","B","The CoPC requires respect for intellectual property rights.","Code of Professional Conduct","CoPC|Intellectual Property"
"ALPHA-015","Alpha","Domain 2 - Code of Professional Conduct","Elite","A practitioner submits assessment documentation that omits material facts. Which principle is most directly violated?","Professionalism only","Confidentiality only","Information Integrity","Physical Protection","C","Information Integrity requires complete and accurate reporting of material facts.","Code of Professional Conduct","CoPC|Information Integrity"
"ALPHA-016","Alpha","Domain 2 - Code of Professional Conduct","Hard","A CCP guarantees an OSC will pass if the OSC purchases consulting services. Which concern is most direct?","The guarantee is acceptable if written into the contract.","The guarantee only affects pricing.","The guarantee is a scoping issue only.","The practitioner is making an inappropriate assertion about assessment outcomes.","D","Practitioners should not make guarantees about assessment outcomes.","Code of Professional Conduct","CoPC|Professionalism|Ethics"
"ALPHA-017","Alpha","Domain 2 - Code of Professional Conduct","Hard","Which principle requires a practitioner to use CMMC methods and materials consistent with their intended purpose?","Proper Use of Methods","Confidentiality","Scoping","Boundary Protection","A","Proper Use of Methods requires integrity in using authorized CMMC methods and materials.","Code of Professional Conduct","CoPC|Proper Use of Methods"
"ALPHA-018","Alpha","Domain 2 - Code of Professional Conduct","Elite","A CCP observes another practitioner coaching interviewees to provide misleading answers. What principle is most directly violated?","Media Protection","Information Integrity","Physical Protection","CUI marking","B","Coaching personnel to provide misleading answers undermines information integrity and ethical conduct.","Code of Professional Conduct","CoPC|Information Integrity|Ethics"
"ALPHA-019","Alpha","Domain 3 - Governance and Source Documents","Hard","Which document defines the CCP exam domains and weights?","CAP","CMMC Scope Guide","CCP Blueprint","Code of Professional Conduct","C","The CCP Blueprint defines the exam domains and their weights.","CCP Blueprint v7.4","Governance|Blueprint"
"ALPHA-020","Alpha","Domain 3 - Governance and Source Documents","Hard","Which source document describes the phases of a CMMC assessment?","Assessment Guide","Scoping Guide","Code of Professional Conduct","CAP","D","The CAP defines the assessment process phases.","CAP v5.6","Governance|CAP"
"ALPHA-021","Alpha","Domain 3 - Governance and Source Documents","Hard","Which source document provides assessment objectives and methods for evaluating practice implementation?","CMMC Assessment Guide","Code of Professional Conduct","CMMC Glossary","Licensed Training Provider guide","A","The Assessment Guide provides assessment objectives and methods.","Assessment Guide Level 2","Governance|Assessment Guide"
"ALPHA-022","Alpha","Domain 3 - Governance and Source Documents","Hard","Which document is most directly used to categorize CUI Assets, Security Protection Assets, CRMAs, Specialized Assets, and Out-of-Scope Assets?","CAP","CMMC Scope Guide","Code of Professional Conduct","CCP Blueprint","B","The CMMC Scope Guide defines asset categories and scoping guidance.","CMMC Scope Guide Level 2","Governance|Scoping Guide"
"ALPHA-023","Alpha","Domain 3 - Governance and Source Documents","Hard","Which information type is generated for or provided by the government under a contract and is not intended for public release?","CUI","Classified information","FCI","Public information","C","FCI is information provided by or generated for the government under contract and not intended for public release.","CCP Blueprint v7.4","Governance|FCI"
"ALPHA-024","Alpha","Domain 3 - Governance and Source Documents","Hard","Which information type requires safeguarding or dissemination controls pursuant to law, regulation, or government-wide policy?","Public information","Marketing information","General business data","CUI","D","CUI requires safeguarding or dissemination controls.","CCP Blueprint v7.4","Governance|CUI"
"ALPHA-025","Alpha","Domain 3 - Governance and Source Documents","Hard","Which regulation is most closely associated with the CUI program and CUI safeguarding framework?","32 CFR Part 2002","Local building code","State privacy law only","Internal HR policy","A","32 CFR Part 2002 is associated with CUI program requirements.","CCP Blueprint v7.4","Governance|CUI|32 CFR"
"ALPHA-026","Alpha","Domain 3 - Governance and Source Documents","Hard","Which contract clause is commonly associated with safeguarding covered defense information and reporting cyber incidents?","FAR 52.204-21 only","DFARS 252.204-7012","NARA marking handbook only","CMMC Glossary","B","DFARS 252.204-7012 is associated with safeguarding covered defense information and cyber incident reporting.","CCP Blueprint v7.4","Governance|DFARS"
"ALPHA-027","Alpha","Domain 3 - Governance and Source Documents","Hard","Which CMMC Level 2 source standard contains 110 security requirements?","FAR 52.204-21","ISO 9001","NIST SP 800-171","DoDI 8500 only","C","CMMC Level 2 aligns with the 110 requirements in NIST SP 800-171.","CCP Blueprint v7.4","Governance|NIST SP 800-171|Level 2"
"ALPHA-028","Alpha","Domain 3 - Governance and Source Documents","Hard","Which statement best describes CMMC Level 1?","It aligns with basic safeguarding requirements for FCI.","It requires all NIST SP 800-171 requirements.","It is only for classified information.","It eliminates the need for assessments.","A","Level 1 is associated with foundational safeguarding requirements for FCI.","CCP Blueprint v7.4","Governance|Level 1|FCI"
"ALPHA-029","Alpha","Domain 3 - Governance and Source Documents","Hard","Which statement best describes CMMC Level 2?","It applies only to public information.","It aligns with NIST SP 800-171 requirements for CUI protection.","It eliminates third-party assessments.","It replaces DFARS requirements entirely.","B","Level 2 aligns with NIST SP 800-171 for protecting CUI.","CCP Blueprint v7.4","Governance|Level 2|CUI"
"ALPHA-030","Alpha","Domain 3 - Governance and Source Documents","Hard","An OSC wants to know which document explains the meaning of CMMC acronyms and terms. Which source is most appropriate?","CAP","Assessment Guide","CMMC Glossary","Code of Professional Conduct","C","The CMMC Glossary is used for terms and acronyms.","CCP Blueprint v7.4","Governance|Glossary"
"ALPHA-031","Alpha","Domain 3 - Governance and Source Documents","Hard","Which source is most relevant for official CUI categories and markings administered by NARA?","C3PAO marketing material","Vendor datasheet","Internal project charter","ISOO CUI Registry","D","The ISOO CUI Registry is used for official CUI categories and markings.","CCP Blueprint v7.4","Governance|CUI Registry"
"ALPHA-032","Alpha","Domain 3 - Governance and Source Documents","Hard","Which CMMC tenet emphasizes alignment with widely accepted cybersecurity standards and focus on critical requirements?","Streamlined Model","Conflict of Interest","Visitor Escort","Physical Separation","A","The streamlined model tenet focuses on critical requirements and alignment with accepted standards.","CCP Blueprint v7.4","Governance|CMMC v2.0|Tenets"
"ALPHA-033","Alpha","Domain 3 - Governance and Source Documents","Hard","Which CMMC tenet emphasizes higher accountability and assessment reliability?","Flexible Implementation","Reliable Assessments","Media Protection","Public Access Separation","B","Reliable Assessments emphasize accountability and assessment reliability.","CCP Blueprint v7.4","Governance|Reliable Assessments"
"ALPHA-034","Alpha","Domain 3 - Governance and Source Documents","Hard","Which source document should an assessor use to understand how a Level 2 practice is evaluated using objectives and methods?","Scope Guide","Code of Professional Conduct","Assessment Guide Level 2","CMMC Glossary only","C","The Level 2 Assessment Guide contains practice objectives and methods.","Assessment Guide Level 2","Governance|Assessment Guide|Level 2"
"ALPHA-035","Alpha","Domain 3 - Governance and Source Documents","Hard","Which document should be used to understand how an OSC defines the assessment boundary and included assets?","CCP Blueprint only","Code of Professional Conduct only","CMMC Glossary only","CMMC Scope Guide Level 2","D","The Scope Guide supports assessment boundary and asset categorization decisions.","CMMC Scope Guide Level 2","Governance|Scope"
"ALPHA-036","Alpha","Domain 3 - Governance and Source Documents","Hard","A contractor asks who has authority to identify and mark CUI. Which answer is most accurate?","Government authorities identify and mark CUI according to applicable CUI rules.","Any contractor employee may invent CUI markings.","The C3PAO determines all CUI markings.","The CCP Blueprint assigns CUI categories.","A","Government authority and applicable CUI directives govern identifying and marking CUI.","CCP Blueprint v7.4","Governance|CUI|Marking"
"ALPHA-037","Alpha","Domain 3 - Governance and Source Documents","Hard","Which consequence is identified in the blueprint as a possible result of non-compliance?","Automatic public release of CUI","Failure to receive contract award","Automatic waiver of safeguards","Replacement of DFARS clauses","B","The blueprint identifies potential consequences such as failure to receive contract award.","CCP Blueprint v7.4","Governance|Noncompliance"
"ALPHA-038","Alpha","Domain 3 - Governance and Source Documents","Hard","Which document explains how assessment artifacts may be hashed and retained for assessment support?","Code of Professional Conduct only","CCP Blueprint only","CMMC Artifact Hashing Tool User Guide","FAR 52.204-21 only","C","The CMMC Artifact Hashing Tool User Guide is a source document identified in the blueprint.","CCP Blueprint v7.4","Governance|Artifacts|Hashing"
"ALPHA-039","Alpha","Domain 3 - Governance and Source Documents","Hard","Which source document is most directly tied to ethics, conflicts of interest, confidentiality, and information integrity?","CMMC Assessment Guide","CMMC Scope Guide","CMMC Glossary","Code of Professional Conduct","D","The Code of Professional Conduct addresses ethics, confidentiality, objectivity, and information integrity.","Code of Professional Conduct","Governance|CoPC"
"ALPHA-040","Alpha","Domain 3 - Governance and Source Documents","Hard","Which source document is most directly tied to planning, conducting, reporting, and POA&M close-out activities?","CAP","CMMC Glossary","NARA CUI Registry","LTP course catalog","A","The CAP describes the CMMC assessment process phases and activities.","CAP v5.6","Governance|CAP|Assessment Process"
"ALPHA-041","Alpha","Domain 3 - Governance and Source Documents","Hard","Which source document should be used to understand asset categories and scope reduction strategies?","Assessment Guide only","CMMC Scope Guide","Code of Professional Conduct","CMMC Glossary only","B","The Scope Guide addresses scoping and asset categorization.","CMMC Scope Guide Level 2","Governance|Scope Guide"
"ALPHA-042","Alpha","Domain 3 - Governance and Source Documents","Hard","Which source document is primarily used to understand the CCP exam structure rather than assessment performance?","CAP","Assessment Guide","CCP Blueprint","Scope Guide","C","The CCP Blueprint describes exam structure, domains, and weights.","CCP Blueprint v7.4","Governance|Blueprint"
"ALPHA-043","Alpha","Domain 3 - Governance and Source Documents","Hard","An OSC asks which document explains Level 2 practice objectives, discussion, and assessment methods. Which answer is best?","CMMC Glossary","Code of Professional Conduct","Scope Guide","Assessment Guide Level 2","D","The Level 2 Assessment Guide supports evaluation of Level 2 practices.","Assessment Guide Level 2","Governance|Assessment Guide|Level 2"
"ALPHA-044","Alpha","Domain 3 - Governance and Source Documents","Hard","Which source document pair is best for understanding both practice evaluation and assessment execution?","Assessment Guide for practice evaluation and CAP for assessment execution.","Scope Guide for both practice evaluation and assessment execution.","Code of Professional Conduct for all technical practice objectives.","CCP Blueprint for assessment evidence collection.","A","The Assessment Guide supports practice evaluation, while the CAP describes the assessment process.","Assessment Guide Level 2|CAP v5.6","Governance|Assessment Guide|CAP"
"ALPHA-045","Alpha","Domain 4 - Model Construct and Practice Implementation","Elite","An administrator account remains enabled for a terminated employee for three weeks after departure. Which practice area is most directly implicated?","Media Protection","Account Management","Physical Protection","Audit Logging","B","Account management includes disabling accounts when no longer required.","Assessment Guide Level 2 - AC","AC|Account Management"
"ALPHA-046","Alpha","Domain 4 - Model Construct and Practice Implementation","Elite","A user can access engineering drawings unrelated to their job duties. Which principle is most directly violated?","Least Privilege","Physical Escort","Media Sanitization","Incident Response","A","Least privilege limits access to authorized functions and information.","Assessment Guide Level 2 - AC","AC|Least Privilege"
"ALPHA-047","Alpha","Domain 4 - Model Construct and Practice Implementation","Hard","A contractor shares one generic account among five users to simplify administration. Which area is most directly affected?","Media Protection","Visitor Control","Identification and Authentication","Physical Security","C","Unique identification is required for accountability and authentication.","Assessment Guide Level 2 - IA","IA|Authentication"
"ALPHA-048","Alpha","Domain 4 - Model Construct and Practice Implementation","Elite","Remote users authenticate with passwords only, despite MFA policy requirements. Which control family is most directly implicated?","PE","IA","MP","SI","B","Identification and Authentication includes MFA requirements for privileged and network access.","Assessment Guide Level 2 - IA","IA|MFA"
"ALPHA-049","Alpha","Domain 4 - Model Construct and Practice Implementation","Hard","USB drives containing CUI are discarded without sanitization. Which practice family is most directly involved?","Media Protection","System Integrity","Physical Protection","Configuration Management","A","Media containing CUI should be sanitized before disposal.","Assessment Guide Level 2 - MP","MP|Sanitization"
"ALPHA-050","Alpha","Domain 4 - Model Construct and Practice Implementation","Elite","Visitors enter a controlled area containing CUI systems without being escorted. Which family is most directly implicated?","Access Control","Physical Protection","Media Protection","Awareness and Training","B","Physical Protection includes monitoring and escorting visitors.","Assessment Guide Level 2 - PE","PE|Visitor Control"
"ALPHA-051","Alpha","Domain 4 - Model Construct and Practice Implementation","Elite","Users receive browser certificate warnings when connecting to CUI applications. Which concern is most directly affected?","Media Marking","Communications Authenticity","Visitor Accountability","Physical Access","B","Certificate validation affects communications authenticity.","Assessment Guide Level 2 - SC","SC|Authenticity"
"ALPHA-052","Alpha","Domain 4 - Model Construct and Practice Implementation","Hard","A firewall permits unrestricted inbound traffic from the Internet to internal servers. Which area is most directly involved?","System and Communications Protection","Media Protection","Personnel Security","Awareness Training","A","Boundary protection controls communications between networks.","Assessment Guide Level 2 - SC","SC|Boundary Protection"
"ALPHA-053","Alpha","Domain 4 - Model Construct and Practice Implementation","Elite","Endpoint malware protection signatures have not been updated in six months. Which family is most directly implicated?","Physical Protection","System and Information Integrity","Media Protection","Audit and Accountability","B","Protection from malicious code is part of System and Information Integrity.","Assessment Guide Level 2 - SI","SI|Malicious Code"
"ALPHA-054","Alpha","Domain 4 - Model Construct and Practice Implementation","Hard","Security patches are routinely delayed for critical vulnerabilities. Which objective is most directly affected?","Media Sanitization","Flaw Remediation","Physical Escort","Session Lock","B","Timely remediation of vulnerabilities supports system integrity.","Assessment Guide Level 2 - SI","SI|Flaw Remediation"
"ALPHA-055","Alpha","Domain 4 - Model Construct and Practice Implementation","Elite","An employee accesses a database containing CUI using elevated privileges that are unnecessary for their duties. Which principle is violated?","Least Privilege","Visitor Escort","Media Accountability","Configuration Baseline","A","Least privilege limits privileges to only those required.","Assessment Guide Level 2 - AC","AC|Least Privilege"
"ALPHA-056","Alpha","Domain 4 - Model Construct and Practice Implementation","Hard","Users leave workstations unlocked when unattended in shared spaces. Which practice is most directly implicated?","Media Transport","Session Lock","Boundary Defense","Physical Escort","B","Session lock prevents unauthorized access when users are absent.","Assessment Guide Level 2 - AC","AC|Session Lock"
"ALPHA-057","Alpha","Domain 4 - Model Construct and Practice Implementation","Elite","A contractor stores backup tapes containing CUI in an unlocked cabinet accessible to all employees. Which family is most directly implicated?","Identification and Authentication","Media Protection","Incident Response","System Integrity","B","Media containing CUI must be physically protected and controlled.","Assessment Guide Level 2 - MP","MP|Storage|CUI"
"ALPHA-058","Alpha","Domain 4 - Model Construct and Practice Implementation","Elite","A help desk technician uses another employee's credentials to troubleshoot a system because shared passwords are considered convenient. Which control family is most directly implicated?","Physical Protection","Identification and Authentication","Media Protection","Awareness and Training","B","Users should be uniquely identified and authenticated to ensure accountability.","Assessment Guide Level 2 - IA","IA|Authentication|Accountability"
"ALPHA-059","Alpha","Domain 4 - Model Construct and Practice Implementation","Elite","An OSC allows former contractors to retain VPN access after project completion. Which area is most directly implicated?","Media Protection","Account Management","System Integrity","Physical Protection","B","Accounts and access should be disabled when no longer required.","Assessment Guide Level 2 - AC","AC|Account Management"
"ALPHA-060","Alpha","Domain 4 - Model Construct and Practice Implementation","Hard","Backup media containing CUI are transported offsite without protective containers or tracking. Which family is most directly affected?","Media Protection","Identification and Authentication","Physical Protection","System Integrity","A","Media transport should provide protection and accountability.","Assessment Guide Level 2 - MP","MP|Transport|Accountability"
"ALPHA-061","Alpha","Domain 4 - Model Construct and Practice Implementation","Elite","An employee accesses CUI from a personal device that is not authorized by policy. Which family is most directly implicated?","Personnel Security","Access Control","Media Protection","Audit and Accountability","B","Access should be limited to authorized devices and users.","Assessment Guide Level 2 - AC","AC|Authorized Access"
"ALPHA-062","Alpha","Domain 4 - Model Construct and Practice Implementation","Elite","Server room doors are left unlocked during business hours because employees are trusted. Which family is most directly implicated?","Media Protection","System Integrity","Physical Protection","Configuration Management","C","Physical access to systems should be controlled and monitored.","Assessment Guide Level 2 - PE","PE|Physical Access"
"ALPHA-063","Alpha","Domain 4 - Model Construct and Practice Implementation","Hard","Sensitive printouts containing CUI are left unattended on a shared printer. Which family is most directly involved?","Media Protection","Risk Management","Awareness and Training","Incident Response","A","Printed media containing CUI should be protected from unauthorized access.","Assessment Guide Level 2 - MP","MP|Paper Media"
"ALPHA-064","Alpha","Domain 4 - Model Construct and Practice Implementation","Elite","Users can bypass session lock settings through local configuration changes. Which practice area is most directly implicated?","Physical Protection","Media Protection","Access Control","System Integrity","C","Session lock mechanisms help prevent unauthorized access to unattended systems.","Assessment Guide Level 2 - AC","AC|Session Lock"
"ALPHA-065","Alpha","Domain 4 - Model Construct and Practice Implementation","Elite","Network communications carrying CUI are transmitted in plaintext across external networks. Which family is most directly implicated?","System and Communications Protection","Physical Protection","Personnel Security","Media Protection","A","Confidentiality of CUI in transit should be protected through cryptographic mechanisms.","Assessment Guide Level 2 - SC","SC|Encryption|Transmission"
"ALPHA-066","Alpha","Domain 4 - Model Construct and Practice Implementation","Hard","Administrators are unable to determine whether anti-malware software is functioning because alerts are disabled. Which family is most directly implicated?","Media Protection","System and Information Integrity","Access Control","Physical Protection","B","Organizations should monitor and respond to malicious code protection mechanisms.","Assessment Guide Level 2 - SI","SI|Malicious Code"
"ALPHA-067","Alpha","Domain 4 - Model Construct and Practice Implementation","Elite","A user authenticates with a password but MFA is required for remote access. Which control family is most directly implicated?","Media Protection","Identification and Authentication","Physical Protection","Personnel Security","B","MFA strengthens identity assurance for remote access.","Assessment Guide Level 2 - IA","IA|MFA"
"ALPHA-068","Alpha","Domain 4 - Model Construct and Practice Implementation","Hard","Security updates are applied only once each year despite frequent vendor advisories. Which family is most directly involved?","Media Protection","Physical Protection","System and Information Integrity","Awareness and Training","C","Timely flaw remediation helps reduce exposure to vulnerabilities.","Assessment Guide Level 2 - SI","SI|Flaw Remediation"
"ALPHA-069","Alpha","Domain 4 - Model Construct and Practice Implementation","Elite","An organization permits unrestricted wireless connections directly into its internal CUI network. Which family is most directly implicated?","System and Communications Protection","Media Protection","Personnel Security","Physical Protection","A","Boundary protections help control communications entering and leaving the network.","Assessment Guide Level 2 - SC","SC|Boundary Protection"
"ALPHA-070","Alpha","Domain 4 - Model Construct and Practice Implementation","Elite","A cleaning contractor enters a controlled area containing CUI systems without authorization or escort. Which family is most directly implicated?","Media Protection","Identification and Authentication","Physical Protection","System Integrity","C","Physical access to facilities and visitors should be controlled and monitored.","Assessment Guide Level 2 - PE","PE|Visitor Control"
"ALPHA-071","Alpha","Domain 4 - Model Construct and Practice Implementation","Elite","An administrator creates local accounts on workstations without management approval or documentation. Which practice area is most directly implicated?","Account Management","Media Protection","Physical Protection","Incident Response","A","Account management includes controlling the creation and management of accounts.","Assessment Guide Level 2 - AC","AC|Account Management"
"ALPHA-072","Alpha","Domain 4 - Model Construct and Practice Implementation","Elite","Privileged users are permitted to browse the Internet and read email using administrative accounts. Which principle is most directly violated?","Media Sanitization","Least Functionality","Least Privilege","Visitor Escort","C","Administrative privileges should be restricted to authorized functions.","Assessment Guide Level 2 - AC","AC|Least Privilege"
"ALPHA-073","Alpha","Domain 4 - Model Construct and Practice Implementation","Hard","Authentication credentials are transmitted across the network without encryption. Which family is most directly implicated?","System and Communications Protection","Media Protection","Physical Protection","Personnel Security","A","Protection of communications includes safeguarding authentication information in transit.","Assessment Guide Level 2 - SC","SC|Encryption|Authentication"
"ALPHA-074","Alpha","Domain 4 - Model Construct and Practice Implementation","Elite","An OSC uses MFA for remote users but not for privileged accounts. Which family is most directly implicated?","Media Protection","Identification and Authentication","System Integrity","Physical Protection","B","Privileged accounts require multifactor authentication.","Assessment Guide Level 2 - IA","IA|MFA|Privileged Access"
"ALPHA-075","Alpha","Domain 4 - Model Construct and Practice Implementation","Hard","Backup disks containing CUI are stored with no inventory records or chain of custody. Which family is most directly implicated?","Media Protection","Access Control","Physical Protection","Configuration Management","A","Media accountability supports protection and traceability of CUI media.","Assessment Guide Level 2 - MP","MP|Media Accountability"
"ALPHA-076","Alpha","Domain 4 - Model Construct and Practice Implementation","Elite","Employees prop open the secure door to a CUI processing area to improve convenience. Which family is most directly implicated?","Media Protection","System Integrity","Physical Protection","Risk Management","C","Physical access to facilities and systems should be controlled.","Assessment Guide Level 2 - PE","PE|Physical Access"
"ALPHA-077","Alpha","Domain 4 - Model Construct and Practice Implementation","Elite","Network traffic between two CUI systems is transmitted in plaintext across an external connection. Which family is most directly implicated?","Media Protection","System and Communications Protection","Awareness Training","Personnel Security","B","Cryptographic protections should be used to protect CUI in transit.","Assessment Guide Level 2 - SC","SC|Encryption"
"ALPHA-078","Alpha","Domain 4 - Model Construct and Practice Implementation","Hard","Anti-malware software is installed but logs are never reviewed and alerts are ignored. Which family is most directly implicated?","Media Protection","System and Information Integrity","Physical Protection","Configuration Management","B","Organizations should identify, report, and correct malicious code protection failures.","Assessment Guide Level 2 - SI","SI|Malicious Code"
"ALPHA-079","Alpha","Domain 4 - Model Construct and Practice Implementation","Elite","A vulnerability scan identifies critical flaws, but remediation is postponed indefinitely. Which family is most directly implicated?","System and Information Integrity","Media Protection","Physical Protection","Personnel Security","A","Timely flaw remediation supports system integrity and security.","Assessment Guide Level 2 - SI","SI|Flaw Remediation"
"ALPHA-080","Alpha","Domain 4 - Model Construct and Practice Implementation","Hard","Users may install any software they choose on company systems without approval. Which principle is most directly implicated?","Least Functionality","Media Protection","Visitor Escort","Session Lock","A","Limiting system functionality reduces attack surface and risk.","Assessment Guide Level 2 - CM","CM|Least Functionality"
"ALPHA-081","Alpha","Domain 4 - Model Construct and Practice Implementation","Elite","The organization uses a shared administrator password for all network devices. Which family is most directly implicated?","Media Protection","Identification and Authentication","Physical Protection","Risk Management","B","Unique identification and authentication support accountability.","Assessment Guide Level 2 - IA","IA|Authentication"
"ALPHA-082","Alpha","Domain 4 - Model Construct and Practice Implementation","Hard","Employees write passwords on sticky notes attached to monitors in a CUI environment. Which family is most directly implicated?","Identification and Authentication","Media Protection","Physical Protection","Incident Response","A","Authentication information should be protected from unauthorized disclosure.","Assessment Guide Level 2 - IA","IA|Credential Protection"
"ALPHA-083","Alpha","Domain 4 - Model Construct and Practice Implementation","Elite","Portable drives containing CUI are sent by mail without encryption. Which family is most directly implicated?","Physical Protection","Media Protection","System Integrity","Awareness Training","B","Media containing CUI should be protected during transport and storage.","Assessment Guide Level 2 - MP","MP|Encryption|Transport"
"ALPHA-084","Alpha","Domain 4 - Model Construct and Practice Implementation","Hard","Security guards do not verify visitor badges before allowing access to a server room. Which family is most directly implicated?","Physical Protection","Media Protection","Access Control","Personnel Security","A","Physical access and visitor activities should be controlled and monitored.","Assessment Guide Level 2 - PE","PE|Visitor Access"
"ALPHA-085","Alpha","Domain 4 - Model Construct and Practice Implementation","Elite","An OSC discovers that expired digital certificates are still used for encrypted communications. Which concern is most directly affected?","Media Accountability","Communications Authenticity","Visitor Escort","Media Sanitization","B","Certificate validity supports communications authenticity.","Assessment Guide Level 2 - SC","SC|Authenticity"
"ALPHA-086","Alpha","Domain 4 - Model Construct and Practice Implementation","Elite","Users are allowed to connect personally owned wireless access points to the CUI network. Which family is most directly implicated?","System and Communications Protection","Media Protection","Physical Protection","Awareness Training","A","Boundary protections help control network communications.","Assessment Guide Level 2 - SC","SC|Boundary Protection"
"ALPHA-087","Alpha","Domain 4 - Model Construct and Practice Implementation","Hard","Patch deployment records cannot demonstrate when vulnerabilities were corrected. Which family is most directly implicated?","System Integrity","Media Protection","Physical Protection","Personnel Security","A","Flaw remediation requires evidence of corrective action.","Assessment Guide Level 2 - SI","SI|Flaw Remediation"
"ALPHA-088","Alpha","Domain 4 - Model Construct and Practice Implementation","Elite","An employee's account remains active after termination and is later used for unauthorized access. Which family is most directly implicated?","Media Protection","Physical Protection","Access Control","Configuration Management","C","Account management includes disabling inactive accounts.","Assessment Guide Level 2 - AC","AC|Account Management"
"ALPHA-089","Alpha","Domain 4 - Model Construct and Practice Implementation","Hard","Sensitive paper files containing CUI are discarded into normal trash containers. Which family is most directly implicated?","Media Protection","Physical Protection","Risk Management","Incident Response","A","Media sanitization and destruction protect CUI.","Assessment Guide Level 2 - MP","MP|Sanitization"
"ALPHA-090","Alpha","Domain 4 - Model Construct and Practice Implementation","Elite","Remote users authenticate with MFA but privileged local accounts use only passwords. Which family is most directly implicated?","Media Protection","Identification and Authentication","Physical Protection","Awareness Training","B","Privileged accounts should employ multifactor authentication.","Assessment Guide Level 2 - IA","IA|MFA"
"ALPHA-091","Alpha","Domain 4 - Model Construct and Practice Implementation","Hard","Cleaning personnel are granted unescorted access to areas containing CUI systems. Which family is most directly implicated?","Physical Protection","Media Protection","Access Control","System Integrity","A","Visitor access should be controlled and monitored.","Assessment Guide Level 2 - PE","PE|Visitor Escort"
"ALPHA-092","Alpha","Domain 4 - Model Construct and Practice Implementation","Elite","Firewall rules permit unrestricted inbound traffic to internal servers hosting CUI. Which family is most directly implicated?","System and Communications Protection","Media Protection","Physical Protection","Personnel Security","A","Boundary protections limit communications entering and leaving the network.","Assessment Guide Level 2 - SC","SC|Boundary Protection"
"ALPHA-093","Alpha","Domain 4 - Model Construct and Practice Implementation","Hard","Anti-virus software signatures have not been updated for nine months. Which family is most directly implicated?","System and Information Integrity","Media Protection","Physical Protection","Personnel Security","A","Protection from malicious code requires current mechanisms.","Assessment Guide Level 2 - SI","SI|Malicious Code"
"ALPHA-094","Alpha","Domain 4 - Model Construct and Practice Implementation","Elite","Users can continue working indefinitely without reauthentication after extended inactivity. Which practice area is most directly implicated?","Session Lock","Media Protection","Physical Escort","Incident Response","A","Session lock mechanisms help prevent unauthorized access to unattended systems.","Assessment Guide Level 2 - AC","AC|Session Lock"
"ALPHA-095","Alpha","Domain 4 - Model Construct and Practice Implementation","Elite","A user is granted administrator privileges to simplify troubleshooting, despite only needing standard access. Which principle is most directly violated?","Media Accountability","Least Privilege","Visitor Control","Media Sanitization","B","Least privilege restricts users to only the privileges necessary to perform assigned duties.","Assessment Guide Level 2 - AC","AC|Least Privilege"
"ALPHA-096","Alpha","Domain 4 - Model Construct and Practice Implementation","Elite","An organization allows users to reuse their previous two passwords indefinitely. Which control family is most directly implicated?","Media Protection","Identification and Authentication","Physical Protection","Incident Response","B","Password management policies support strong authentication and reduce credential compromise risk.","Assessment Guide Level 2 - IA","IA|Password Management"
"ALPHA-097","Alpha","Domain 4 - Model Construct and Practice Implementation","Elite","A privileged account is shared among three administrators to simplify emergency access. Which concern is most directly affected?","Accountability","Media Sanitization","Boundary Protection","Visitor Control","A","Shared privileged accounts reduce accountability and traceability.","Assessment Guide Level 2 - IA","IA|Accountability|Authentication"
"ALPHA-098","Alpha","Domain 4 - Model Construct and Practice Implementation","Hard","Users may connect removable media to systems without authorization or malware scanning. Which family is most directly implicated?","Media Protection","Personnel Security","Physical Protection","Awareness Training","A","Media usage should be controlled and protected from malicious code.","Assessment Guide Level 2 - MP","MP|Removable Media"
"ALPHA-099","Alpha","Domain 4 - Model Construct and Practice Implementation","Elite","An OSC permits unrestricted remote administrative access from any Internet location. Which family is most directly implicated?","System and Communications Protection","Media Protection","Risk Management","Physical Protection","A","Remote access pathways should be controlled and protected.","Assessment Guide Level 2 - SC","SC|Remote Access"
"ALPHA-100","Alpha","Domain 4 - Model Construct and Practice Implementation","Hard","Employees are not required to display identification badges in controlled areas containing CUI systems. Which family is most directly implicated?","Media Protection","Physical Protection","System Integrity","Access Control","B","Physical access mechanisms support identification and control of personnel.","Assessment Guide Level 2 - PE","PE|Identification"
"ALPHA-101","Alpha","Domain 4 - Model Construct and Practice Implementation","Elite","Critical security alerts generated by endpoint protection are routinely ignored. Which family is most directly implicated?","System and Information Integrity","Media Protection","Physical Protection","Personnel Security","A","Organizations should identify, report, and respond to malicious code protection failures.","Assessment Guide Level 2 - SI","SI|Malicious Code"
"ALPHA-102","Alpha","Domain 4 - Model Construct and Practice Implementation","Hard","Administrators delay applying emergency security patches because system downtime is inconvenient. Which family is most directly implicated?","Media Protection","System and Information Integrity","Awareness Training","Physical Protection","B","Timely flaw remediation is essential to maintaining system integrity.","Assessment Guide Level 2 - SI","SI|Flaw Remediation"
"ALPHA-103","Alpha","Domain 4 - Model Construct and Practice Implementation","Elite","An OSC permits unrestricted peer-to-peer software installation on CUI systems. Which principle is most directly implicated?","Least Functionality","Media Sanitization","Visitor Escort","Physical Separation","A","Limiting system functionality reduces unnecessary risk.","Assessment Guide Level 2 - CM","CM|Least Functionality"
"ALPHA-104","Alpha","Domain 4 - Model Construct and Practice Implementation","Elite","Employees authenticate to CUI systems using group accounts instead of unique credentials. Which family is most directly implicated?","Physical Protection","Media Protection","Identification and Authentication","Risk Management","C","Unique identifiers support accountability and authentication.","Assessment Guide Level 2 - IA","IA|Unique Identification"
"ALPHA-105","Alpha","Domain 4 - Model Construct and Practice Implementation","Hard","Backup tapes containing CUI are left unattended during transportation. Which family is most directly implicated?","Media Protection","Physical Protection","Access Control","Awareness Training","A","Media transport requires protection and accountability.","Assessment Guide Level 2 - MP","MP|Transport"
"ALPHA-106","Alpha","Domain 4 - Model Construct and Practice Implementation","Elite","An employee bypasses MFA by using a colleague's authenticated workstation. Which principle is most directly compromised?","Media Accountability","Authentication Assurance","Physical Protection","Media Sanitization","B","Authentication mechanisms support identity assurance and accountability.","Assessment Guide Level 2 - IA","IA|MFA|Identity Assurance"
"ALPHA-107","Alpha","Domain 4 - Model Construct and Practice Implementation","Hard","Server room access logs are never reviewed for unusual activity. Which family is most directly implicated?","Physical Protection","Media Protection","System Integrity","Personnel Security","A","Monitoring physical access helps detect unauthorized activity.","Assessment Guide Level 2 - PE","PE|Monitoring"
"ALPHA-108","Alpha","Domain 4 - Model Construct and Practice Implementation","Elite","An OSC discovers expired anti-malware licenses prevented signature updates for months. Which family is most directly implicated?","Media Protection","System and Information Integrity","Physical Protection","Awareness Training","B","Malicious code protection mechanisms should remain current and effective.","Assessment Guide Level 2 - SI","SI|Malicious Code"
"ALPHA-109","Alpha","Domain 4 - Model Construct and Practice Implementation","Elite","An administrator disables account lockout because users frequently mistype passwords. Which family is most directly implicated?","Identification and Authentication","Media Protection","Physical Protection","Incident Response","A","Account protection mechanisms help defend against brute-force attacks and unauthorized access.","Assessment Guide Level 2 - IA","IA|Account Protection"
"ALPHA-110","Alpha","Domain 4 - Model Construct and Practice Implementation","Hard","Users may retain access to shared folders after transferring departments because permissions are never reviewed. Which principle is most directly affected?","Visitor Escort","Least Privilege","Media Sanitization","Physical Separation","B","Least privilege requires access to be limited to authorized duties.","Assessment Guide Level 2 - AC","AC|Least Privilege"
"ALPHA-111","Alpha","Domain 4 - Model Construct and Practice Implementation","Elite","Portable media containing CUI are reused without sanitization before reassignment. Which family is most directly implicated?","System Integrity","Media Protection","Physical Protection","Awareness Training","B","Media sanitization prevents unauthorized disclosure of residual information.","Assessment Guide Level 2 - MP","MP|Sanitization"
"ALPHA-112","Alpha","Domain 4 - Model Construct and Practice Implementation","Hard","Employees can enter the server room using a common keypad code known to all personnel. Which family is most directly implicated?","Media Protection","Physical Protection","Risk Management","Personnel Security","B","Physical access mechanisms should uniquely identify and control access.","Assessment Guide Level 2 - PE","PE|Physical Access"
"ALPHA-113","Alpha","Domain 4 - Model Construct and Practice Implementation","Elite","A contractor transmits CUI through an unencrypted third-party file-sharing site. Which family is most directly implicated?","System and Communications Protection","Media Protection","Awareness Training","Physical Protection","A","Communications carrying CUI should be protected using cryptographic mechanisms.","Assessment Guide Level 2 - SC","SC|Encryption"
"ALPHA-114","Alpha","Domain 4 - Model Construct and Practice Implementation","Elite","Anti-malware software reports repeated failures, but personnel do not investigate the alerts. Which family is most directly implicated?","Physical Protection","Media Protection","System and Information Integrity","Configuration Management","C","Organizations should identify, report, and correct malicious code protection failures.","Assessment Guide Level 2 - SI","SI|Malicious Code"
"ALPHA-115","Alpha","Domain 4 - Model Construct and Practice Implementation","Hard","Security patches are applied only during annual maintenance windows despite critical vulnerabilities. Which family is most directly implicated?","Media Protection","System and Information Integrity","Physical Protection","Awareness Training","B","Timely flaw remediation reduces exposure to known vulnerabilities.","Assessment Guide Level 2 - SI","SI|Flaw Remediation"
"ALPHA-116","Alpha","Domain 4 - Model Construct and Practice Implementation","Elite","Users are granted administrative rights on laptops to avoid frequent help desk requests. Which principle is most directly violated?","Media Accountability","Least Privilege","Visitor Control","Media Sanitization","B","Users should be provided only the privileges necessary to perform assigned duties.","Assessment Guide Level 2 - AC","AC|Least Privilege"
"ALPHA-117","Alpha","Domain 4 - Model Construct and Practice Implementation","Hard","Employees may authenticate to CUI systems using passwords that never expire. Which family is most directly implicated?","Identification and Authentication","Media Protection","Physical Protection","Incident Response","A","Credential management policies support secure authentication practices.","Assessment Guide Level 2 - IA","IA|Credential Management"
"ALPHA-118","Alpha","Domain 4 - Model Construct and Practice Implementation","Elite","Printed reports containing CUI are stored overnight in unlocked desks accessible to cleaning personnel. Which family is most directly implicated?","Media Protection","Physical Protection","Access Control","System Integrity","A","Media containing CUI should be protected from unauthorized access.","Assessment Guide Level 2 - MP","MP|Storage"
"ALPHA-119","Alpha","Domain 4 - Model Construct and Practice Implementation","Elite","An OSC allows unrestricted inbound network connections to systems hosting CUI because operations require flexibility. Which family is most directly implicated?","Media Protection","System and Communications Protection","Physical Protection","Personnel Security","B","Boundary protections help control communications entering and leaving systems.","Assessment Guide Level 2 - SC","SC|Boundary Protection"
"ALPHA-120","Alpha","Domain 4 - Model Construct and Practice Implementation","Elite","Employees leave active sessions unattended for extended periods without automatic lock mechanisms. Which practice area is most directly implicated?","Media Sanitization","Session Lock","Visitor Escort","Physical Separation","B","Session lock mechanisms reduce the risk of unauthorized access to unattended systems.","Assessment Guide Level 2 - AC","AC|Session Lock"
"ALPHA-121","Alpha","Domain 5 - CMMC Assessment Process","Elite","During an assessment, interviews indicate that multifactor authentication is enforced for remote access, but testing reveals one VPN group authenticates with only a password. What should assessors do?","Assign MET because interviews confirmed implementation","Resolve the conflicting evidence and determine actual implementation","Ignore the testing results","Mark the practice N/A","B","Conflicting evidence must be reconciled before assigning a final result.","CAP v5.6; Assessment Guide Level 2","CAP|Evidence Sufficiency|Test"
"ALPHA-122","Alpha","Domain 5 - CMMC Assessment Process","Hard","Which three assessment methods are used during a CMMC assessment?","Review, Approve, Certify","Examine, Interview, Test","Observe, Document, Verify","Inspect, Validate, Report","B","CMMC assessments use Examine, Interview, and Test methods.","CAP v5.6","CAP|Methods"
"ALPHA-123","Alpha","Domain 5 - CMMC Assessment Process","Elite","An administrator states account reviews are performed monthly, but no documentation exists and testing cannot confirm the process. Which result is most appropriate?","MET","N/A","NOT MET","POA&M","C","Assertions alone are insufficient without adequate evidence.","CAP v5.6","CAP|Evidence Sufficiency"
"ALPHA-124","Alpha","Domain 5 - CMMC Assessment Process","Hard","Which phase includes planning and preparing for the assessment?","Phase 1","Phase 2","Phase 3","Phase 4","A","Phase 1 consists of assessment preparation and planning activities.","CAP v5.6","CAP|Phase 1"
"ALPHA-125","Alpha","Domain 5 - CMMC Assessment Process","Elite","An assessor observes contradictory evidence between screenshots and live system testing. Which action is most appropriate?","Rely only on screenshots","Rely only on interviews","Investigate further and reconcile discrepancies","Assign MET because evidence exists","C","Assessment conclusions require sufficient and consistent evidence.","CAP v5.6","CAP|Evidence"
"ALPHA-126","Alpha","Domain 5 - CMMC Assessment Process","Hard","Which phase includes conducting Examine, Interview, and Test procedures?","Phase 1","Phase 2","Phase 3","Phase 4","B","Assessment execution occurs during Phase 2.","CAP v5.6","CAP|Phase 2"
"ALPHA-127","Alpha","Domain 5 - CMMC Assessment Process","Elite","Evidence shows a control is implemented for most users, but several exceptions allow unauthorized access. Which assessment result is most appropriate?","MET","NOT MET","N/A","POA&M","B","Material deficiencies prevent a MET determination.","CAP v5.6","CAP|MET|NOT MET"
"ALPHA-128","Alpha","Domain 5 - CMMC Assessment Process","Hard","Which phase includes reporting assessment results?","Phase 1","Phase 2","Phase 3","Phase 4","C","Reporting occurs during Phase 3.","CAP v5.6","CAP|Phase 3"
"ALPHA-129","Alpha","Domain 5 - CMMC Assessment Process","Elite","An OSC provides documentation from three years ago as evidence of account management. Which concern is most direct?","Evidence sufficiency","Visitor access","Physical protection","Media accountability","A","Evidence should demonstrate current implementation.","CAP v5.6","CAP|Evidence Currency"
"ALPHA-130","Alpha","Domain 5 - CMMC Assessment Process","Hard","Which phase includes POA&M closeout activities?","Phase 1","Phase 2","Phase 3","Phase 4","D","Phase 4 includes post-assessment and POA&M activities.","CAP v5.6","CAP|Phase 4"
"ALPHA-131","Alpha","Domain 5 - CMMC Assessment Process","Elite","Personnel describe a process that differs from documented procedures. What should assessors do?","Accept the documentation","Accept interviews only","Reconcile differences using additional evidence","Assign NOT MET immediately","C","Assessors should resolve inconsistencies before reaching conclusions.","CAP v5.6","CAP|Interviews|Evidence"
"ALPHA-132","Alpha","Domain 5 - CMMC Assessment Process","Hard","Which role is responsible for leading assessment activities?","CQAP","Lead Assessor","Registered Practitioner","OSC Sponsor","B","The Lead Assessor directs assessment activities.","CAP v5.6","CAP|Lead Assessor"
"ALPHA-133","Alpha","Domain 5 - CMMC Assessment Process","Elite","Testing confirms MFA works for privileged accounts, but screenshots provided by the OSC are outdated. Which evidence source should drive conclusions?","Outdated screenshots","Current testing results","Marketing material","Previous assessment reports","B","Current testing provides stronger evidence of implementation.","CAP v5.6","CAP|Testing|Evidence"
"ALPHA-134","Alpha","Domain 5 - CMMC Assessment Process","Elite","During an assessment, personnel describe monthly account reviews, but the only records provided are more than one year old. Which concern is most direct?","Media accountability","Evidence sufficiency","Visitor access","Physical security","B","Evidence should demonstrate current implementation. Outdated artifacts alone may be insufficient.","CAP v5.6","CAP|Evidence Sufficiency|Artifacts"
"ALPHA-135","Alpha","Domain 5 - CMMC Assessment Process","Hard","Which assessment method involves reviewing policies, procedures, and screenshots?","Interview","Examine","Test","Observe","B","Examine activities include reviewing documentation and artifacts.","CAP v5.6","CAP|Examine"
"ALPHA-136","Alpha","Domain 5 - CMMC Assessment Process","Elite","Testing demonstrates MFA works correctly, but one interviewee states it is not required. What should assessors do?","Assign NOT MET immediately","Rely only on interviews","Resolve the inconsistency using additional evidence","Ignore the discrepancy","C","Assessors should reconcile contradictory evidence before reaching conclusions.","CAP v5.6","CAP|Contradictory Evidence"
"ALPHA-137","Alpha","Domain 5 - CMMC Assessment Process","Hard","Which assessment method involves asking personnel how processes are performed?","Interview","Examine","Test","Observe","A","Interviews are used to understand how activities are performed.","CAP v5.6","CAP|Interview"
"ALPHA-138","Alpha","Domain 5 - CMMC Assessment Process","Elite","An assessor receives conflicting screenshots from different administrators. Which action is most appropriate?","Assign MET because screenshots exist","Ignore the conflict","Gather additional evidence and reconcile discrepancies","Assign N/A","C","Conflicting evidence should be investigated and resolved.","CAP v5.6","CAP|Evidence"
"ALPHA-139","Alpha","Domain 5 - CMMC Assessment Process","Hard","Which assessment method includes validating technical operation of controls?","Interview","Examine","Test","Review","C","Testing validates that controls operate as intended.","CAP v5.6","CAP|Test"
"ALPHA-140","Alpha","Domain 5 - CMMC Assessment Process","Elite","An OSC provides only verbal statements to support implementation of a practice. Which conclusion is most appropriate?","MET","NOT MET unless sufficient evidence exists","POA&M","N/A","B","Assertions alone do not constitute sufficient evidence.","CAP v5.6","CAP|Evidence Sufficiency"
"ALPHA-141","Alpha","Domain 5 - CMMC Assessment Process","Hard","Which role is responsible for ensuring assessment package quality and completeness?","Registered Practitioner","Lead Assessor","CQAP","OSC Official","C","The CMMC Quality Assurance Professional reviews assessment package quality.","CAP v5.6","CAP|CQAP"
"ALPHA-142","Alpha","Domain 5 - CMMC Assessment Process","Elite","Testing confirms that a control functions for most users, but several exceptions allow unauthorized access. Which result is most appropriate?","MET","NOT MET","N/A","POA&M","B","Material deficiencies prevent a MET determination.","CAP v5.6","CAP|MET|NOT MET"
"ALPHA-143","Alpha","Domain 5 - CMMC Assessment Process","Hard","Which phase includes final reporting of assessment results?","Phase 1","Phase 2","Phase 3","Phase 4","C","Phase 3 includes reporting assessment results.","CAP v5.6","CAP|Phase 3"
"ALPHA-144","Alpha","Domain 5 - CMMC Assessment Process","Elite","Assessors observe inconsistent implementation across sampled systems. Which action is most appropriate?","Expand testing and reconcile findings","Assign MET because most systems comply","Ignore outliers","Mark N/A","A","Additional evidence may be required when implementation varies across samples.","CAP v5.6","CAP|Sampling|Evidence"
"ALPHA-145","Alpha","Domain 5 - CMMC Assessment Process","Hard","Which phase addresses POA&M closeout activities?","Phase 1","Phase 2","Phase 3","Phase 4","D","Post-assessment and POA&M activities occur during Phase 4.","CAP v5.6","CAP|Phase 4|POA&M"
"ALPHA-146","Alpha","Domain 5 - CMMC Assessment Process","Elite","Which principle is most important when assessors encounter conflicting evidence from artifacts, interviews, and testing?","Speed","Consistency and objectivity","Convenience","Assumptions","B","Assessment conclusions should be objective, evidence-based, and consistent.","CAP v5.6","CAP|Objectivity|Evidence"
"ALPHA-147","Alpha","Domain 5 - CMMC Assessment Process","Elite","During Phase 2, interviews indicate monthly account reviews occur, but testing shows several dormant accounts remain enabled. What should assessors do?","Assign MET because the process exists","Reconcile the conflicting evidence and determine actual implementation","Ignore testing and rely on interviews","Mark the practice N/A","B","Assessment conclusions require sufficient and consistent evidence.","CAP v5.6","CAP|Evidence|Interviews|Testing"
"ALPHA-148","Alpha","Domain 5 - CMMC Assessment Process","Hard","Which phase includes the execution of Examine, Interview, and Test activities?","Phase 1","Phase 2","Phase 3","Phase 4","B","Assessment execution occurs during Phase 2.","CAP v5.6","CAP|Phase 2"
"ALPHA-149","Alpha","Domain 5 - CMMC Assessment Process","Elite","Which principle is most important when evaluating contradictory evidence?","Convenience","Consistency and objectivity","Speed","Assumptions","B","Assessment conclusions should be objective and evidence-based.","CAP v5.6","CAP|Objectivity"
"ALPHA-150","Alpha","Domain 5 - CMMC Assessment Process","Hard","Which role is responsible for verifying assessment package completeness and quality?","Registered Practitioner","Lead Assessor","CQAP","OSC Official","C","The CQAP reviews assessment package quality.","CAP v5.6","CAP|CQAP"
"ALPHA-151","Alpha","Domain 5 - CMMC Assessment Process","Elite","Evidence demonstrates control implementation for most systems, but testing identifies material exceptions. Which result is most appropriate?","MET","NOT MET","N/A","POA&M","B","Material deficiencies prevent a MET determination.","CAP v5.6","CAP|MET|NOT MET"
"ALPHA-152","Alpha","Domain 6 - Scoping","Elite","A workstation stores and processes CUI and connects directly to CUI systems. Which asset category most likely applies?","Security Protection Asset","Specialized Asset","CUI Asset","Out-of-Scope Asset","C","Assets that process, store, or transmit CUI are CUI Assets.","CMMC Scope Guide Level 2","Scoping|CUI Asset"
"ALPHA-153","Alpha","Domain 6 - Scoping","Elite","A SIEM collects logs and provides security monitoring for CUI assets but does not process CUI. Which category most likely applies?","Security Protection Asset","CRMA","Specialized Asset","Out-of-Scope Asset","A","Security Protection Assets provide security functions supporting CUI assets.","CMMC Scope Guide Level 2","Scoping|SPA|SIEM"
"ALPHA-154","Alpha","Domain 6 - Scoping","Hard","Which asset category generally includes manufacturing equipment that cannot practically implement all CMMC practices?","Out-of-Scope Asset","Specialized Asset","Security Protection Asset","CRMA","B","Specialized Assets may have unique operational constraints.","CMMC Scope Guide Level 2","Scoping|Specialized Asset"
"ALPHA-155","Alpha","Domain 6 - Scoping","Elite","A cloud email gateway filters malicious messages for systems within scope. Which category most likely applies?","Specialized Asset","Out-of-Scope Asset","CRMA","Security Protection Asset","D","Email gateways providing protection are Security Protection Assets.","CMMC Scope Guide Level 2","Scoping|SPA"
"ALPHA-156","Alpha","Domain 6 - Scoping","Elite","Which asset category consists of contractor-owned systems capable of accessing CUI but separated through technical controls preventing access?","Security Protection Asset","Out-of-Scope Asset","Specialized Asset","CUI Asset","B","Assets effectively isolated from CUI processing are Out-of-Scope.","CMMC Scope Guide Level 2","Scoping|Out-of-Scope"
"ALPHA-157","Alpha","Domain 6 - Scoping","Elite","A contractor manages identity services used by CUI assets but stores no CUI. Which category most likely applies?","Security Protection Asset","CRMA","Specialized Asset","Out-of-Scope Asset","A","Identity services supporting security are SPAs.","CMMC Scope Guide Level 2","Scoping|SPA|Identity"
"ALPHA-158","Alpha","Domain 6 - Scoping","Hard","Which category describes assets that may process CUI under the contractor's risk management responsibilities?","CRMA","Out-of-Scope Asset","Specialized Asset","Security Protection Asset","A","CRMAs are contractor risk-managed assets.","CMMC Scope Guide Level 2","Scoping|CRMA"
"ALPHA-159","Alpha","Domain 6 - Scoping","Elite","An engineering workstation can access CUI repositories without restrictions. Which category most likely applies?","Specialized Asset","Out-of-Scope Asset","CUI Asset","Security Protection Asset","C","Unrestricted access to CUI generally places the asset in scope as a CUI Asset.","CMMC Scope Guide Level 2","Scoping|CUI Asset"
"ALPHA-160","Alpha","Domain 6 - Scoping","Hard","Which category includes badge systems and endpoint security tools supporting protection of CUI systems?","Security Protection Asset","Specialized Asset","Out-of-Scope Asset","CRMA","A","Protection mechanisms supporting scoped assets are SPAs.","CMMC Scope Guide Level 2","Scoping|SPA"
"ALPHA-161","Alpha","Domain 6 - Scoping","Elite","A printer stores CUI documents and is directly connected to a CUI system. Which category most likely applies?","Out-of-Scope Asset","Specialized Asset","CUI Asset","CRMA","C","Assets storing or transmitting CUI are CUI Assets.","CMMC Scope Guide Level 2","Scoping|CUI Asset"
"ALPHA-162","Alpha","Domain 6 - Scoping","Elite","A VoIP system provides communications but does not process CUI and supports CUI operations. Which category most likely applies?","Specialized Asset","Security Protection Asset","Out-of-Scope Asset","CRMA","B","Security-supporting infrastructure is generally categorized as SPA.","CMMC Scope Guide Level 2","Scoping|SPA"
"ALPHA-163","Alpha","Domain 6 - Scoping","Hard","Which category is most likely for HVAC systems controlling server room temperature?","Specialized Asset","CUI Asset","CRMA","Out-of-Scope Asset","A","Industrial or facility systems often qualify as Specialized Assets.","CMMC Scope Guide Level 2","Scoping|Specialized Asset"
"ALPHA-164","Alpha","Domain 6 - Scoping","Elite","A mobile device accesses and stores CUI email. Which category most likely applies?","Out-of-Scope Asset","CUI Asset","Specialized Asset","Security Protection Asset","B","Devices storing or transmitting CUI are CUI Assets.","CMMC Scope Guide Level 2","Scoping|CUI Asset"
"ALPHA-165","Alpha","Domain 6 - Scoping","Elite","A laptop is separated from CUI assets through technical controls preventing CUI access. Which category most likely applies?","Out-of-Scope Asset","Security Protection Asset","CRMA","Specialized Asset","A","Effective separation may place assets out of scope.","CMMC Scope Guide Level 2","Scoping|Out-of-Scope"
"ALPHA-166","Alpha","Domain 6 - Scoping","Hard","Which asset category provides cybersecurity functions supporting CUI assets?","Security Protection Asset","Specialized Asset","CRMA","Out-of-Scope Asset","A","SPAs provide security services supporting CUI Assets.","CMMC Scope Guide Level 2","Scoping|SPA"
"ALPHA-167","Alpha","Domain 6 - Scoping","Elite","A vulnerability scanner supports protection of CUI systems but stores no CUI. Which category most likely applies?","Security Protection Asset","Out-of-Scope Asset","Specialized Asset","CRMA","A","Security tools supporting scoped assets are SPAs.","CMMC Scope Guide Level 2","Scoping|SPA|Vulnerability Scanner"
"ALPHA-168","Alpha","Domain 6 - Scoping","Hard","Which category generally includes industrial control systems with limited security capabilities?","Out-of-Scope Asset","Specialized Asset","Security Protection Asset","CUI Asset","B","Industrial systems with operational limitations are often Specialized Assets.","CMMC Scope Guide Level 2","Scoping|Specialized Asset"
"ALPHA-169","Alpha","Domain 6 - Scoping","Elite","Which factor is most important when determining whether an asset is in scope?","Cost","Physical size","Ability to process, store, or transmit CUI","Vendor preference","C","Scoping decisions are driven by the asset's relationship to CUI.","CMMC Scope Guide Level 2","Scoping|CUI"
"ALPHA-170","Alpha","Domain 6 - Scoping","Elite","Which document provides the authoritative guidance for categorizing CUI Assets, SPAs, Specialized Assets, CRMAs, and Out-of-Scope Assets?","CAP v5.6","Assessment Guide Level 2","Code of Professional Conduct","CMMC Scope Guide Level 2","D","The CMMC Scope Guide defines asset categories and scoping principles.","CMMC Scope Guide Level 2","Scoping|Scope Guide"